1,AAAAAAAABAAAAAAA,2450393,2450399,8552,1000,1,ought,N,N,N,N,N,N,N,N,"Early<comma> right courses could a",Unknown,N
2,AAAAAAAACAAAAAAA,2450218,2450239,16429,1000,1,able,N,N,N,N,N,N,N,N,General members hold much in the demands.,Unknown,N
3,AAAAAAAADAAAAAAA,2450577,2450621,7856,1000,1,pri,N,N,N,N,N,N,N,N,"Expected<comma> extreme bonds may w",Unknown,N
4,AAAAAAAAEAAAAAAA,2450308,2450310,5212,1000,1,ese,Y,N,N,N,N,N,N,N,"Considerable<comma> powerful eyes leave. Men may create; in",Unknown,N
5,AAAAAAAAFAAAAAAA,2450235,2450286,15736,1000,1,anti,N,N,N,N,N,N,N,N,"Clear<comma> clear styles advise apart with",Unknown,N
6,AAAAAAAAGAAAAAAA,2450638,2450672,82,1000,1,cally,N,N,N,N,N,N,N,N,Companies spoil ridicu,Unknown,N
7,AAAAAAAAHAAAAAAA,2450199,2450224,16372,1000,1,ation,N,N,N,N,N,N,N,N,Below good options must return. Courts begi,Unknown,N
8,AAAAAAAAIAAAAAAA,2450636,2450693,13126,1000,1,eing,Y,N,N,N,N,N,N,N,"Big standards want japanese<comma> overseas respec",Unknown,N
9,AAAAAAAAJAAAAAAA,2450855,2450882,16820,1000,1,n st,N,N,N,N,N,N,N,N,"Results should meet federal<comma> nast",Unknown,N
10,AAAAAAAAKAAAAAAA,2450883,2450906,5078,1000,1,bar,N,N,N,N,N,N,N,N,"Late<comma> fatal changes could not know thin homes. Forces",Unknown,N
11,AAAAAAAALAAAAAAA,2450704,2450732,4078,1000,1,ought,Y,N,N,N,N,N,N,N,Bizarre parties can buy ways. Events generate most old,Unknown,N
12,AAAAAAAAMAAAAAAA,2450652,2450668,13423,1000,1,able,N,N,N,N,N,N,N,N,"Competitive<comma> new bags would say edges",Unknown,N
13,AAAAAAAANAAAAAAA,2450632,2450683,17824,1000,1,pri,N,N,N,N,N,N,N,N,"Difficult<comma> fine companies know",Unknown,N
14,AAAAAAAAOAAAAAAA,2450463,2450482,14413,1000,1,ese,N,N,N,N,N,N,N,N,Services used to take for a others; ver,Unknown,N
15,AAAAAAAAPAAAAAAA,2450853,2450879,10786,1000,1,anti,Y,N,N,N,N,N,N,N,"American<comma> trying products fight blue buil",Unknown,N
16,AAAAAAAAABAAAAAA,2450529,2450539,2420,1000,1,cally,N,N,N,N,N,N,N,N,Responsible weeks may not agree stil,Unknown,N
17,AAAAAAAABBAAAAAA,2450832,2450834,3667,1000,1,ation,Y,N,N,N,N,N,N,N,"Minor<comma> legal agencies grow surprisingly in a appointments.",Unknown,N
18,AAAAAAAACBAAAAAA,2450431,2450441,3196,1000,1,eing,N,N,N,N,N,N,N,N,Too normal streets could raise clearl,Unknown,N
19,AAAAAAAADBAAAAAA,2450196,2450217,5432,1000,1,n st,N,N,N,N,N,N,N,N,Things might measure in a depo,Unknown,N
20,AAAAAAAAEBAAAAAA,2450276,2450296,16312,1000,1,bar,Y,N,N,N,N,N,N,N,Any longer different benefits shall find mor,Unknown,N
21,AAAAAAAAFBAAAAAA,2450694,2450740,2732,1000,1,ought,Y,N,N,N,N,N,N,N,"Principal<comma> delightful clubs may pick too; true<comma>",Unknown,N
22,AAAAAAAAGBAAAAAA,2450837,2450843,2230,1000,1,able,N,N,N,N,N,N,N,N,Yet english boats come political questions. Pages hear r,Unknown,N
23,AAAAAAAAHBAAAAAA,2450553,2450588,3986,1000,1,pri,N,N,N,N,N,N,N,N,Years seize forward forward englis,Unknown,N
24,AAAAAAAAIBAAAAAA,2450511,2450512,16219,1000,1,ese,N,N,N,N,N,N,N,N,Western days enjoy only,Unknown,N
25,AAAAAAAAJBAAAAAA,2450426,2450455,367,1000,1,anti,Y,N,N,N,N,N,N,N,"Difficult<comma> poor injuries begin also activities. Initi",Unknown,N
26,AAAAAAAAKBAAAAAA,2450422,2450441,9805,1000,1,cally,Y,N,N,N,N,N,N,N,"Regional companies find from a societies. English<comma> enthusi",Unknown,N
27,AAAAAAAALBAAAAAA,2450592,2450596,9008,1000,1,ation,Y,N,N,N,N,N,N,N,Patients shall reach good successful,Unknown,N
28,AAAAAAAAMBAAAAAA,2450107,2450161,6712,1000,1,eing,N,N,N,N,N,N,N,N,Just sacred ambitions may not approach re,Unknown,N
29,AAAAAAAANBAAAAAA,2450399,2450422,10300,1000,1,n st,Y,N,N,N,N,N,N,N,Else free teams go. Things could rise,Unknown,N
30,AAAAAAAAOBAAAAAA,2450817,2450822,1069,1000,1,bar,Y,N,N,N,N,N,N,N,Possible sciences withstand only,Unknown,N
31,AAAAAAAAPBAAAAAA,2450185,2450210,5857,1000,1,ought,N,N,N,N,N,N,N,N,Rich techniques will say in a women. More confident,Unknown,N
32,AAAAAAAAACAAAAAA,2450491,2450501,14566,1000,1,able,N,N,N,N,N,N,N,N,Towns may beat again successful sides; just mod,Unknown,N
33,AAAAAAAABCAAAAAA,2450371,2450387,5540,1000,1,pri,N,N,N,N,N,N,N,N,Sideways thick sales might receive whit,Unknown,N
34,AAAAAAAACCAAAAAA,2450138,2450139,13843,1000,1,ese,Y,N,N,N,N,N,N,N,Principally big plates m,Unknown,N
35,AAAAAAAADCAAAAAA,2450518,2450567,16898,1000,1,anti,Y,N,N,N,N,N,N,N,"Political humans commend. Public<comma> opening creditors s",Unknown,N
36,AAAAAAAAECAAAAAA,2450144,2450164,16777,1000,1,cally,Y,N,N,N,N,N,N,N,Other reasons ought to take following panels; dif,Unknown,N
37,AAAAAAAAFCAAAAAA,2450339,2450370,11599,1000,1,ation,Y,N,N,N,N,N,N,N,"Goods would take meanwhile private<comma> othe",Unknown,N
38,AAAAAAAAGCAAAAAA,2450366,2450389,15206,1000,1,eing,N,N,N,N,N,N,N,N,Decisive materials allow. Parents improve to a pres,Unknown,N
39,AAAAAAAAHCAAAAAA,2450524,2450549,9256,1000,1,n st,N,N,N,N,N,N,N,N,Miles remember falls. There wil,Unknown,N
40,AAAAAAAAICAAAAAA,2450639,2450684,6433,1000,1,bar,Y,N,N,N,N,N,N,N,"Blue<comma> common years will see eyes. Again necessary debts co",Unknown,N
41,AAAAAAAAJCAAAAAA,2450745,2450756,10636,1000,1,ought,N,N,N,N,N,N,N,N,"Most tight sites hold even wonderful<comma> whole characters. Poli",Unknown,N
42,AAAAAAAAKCAAAAAA,2450550,2450556,9310,1000,1,able,N,N,N,N,N,N,N,N,Careful interests might hide,Unknown,N
43,AAAAAAAALCAAAAAA,2450673,2450694,5188,1000,1,pri,N,N,N,N,N,N,N,N,So possible decision,Unknown,N
44,AAAAAAAAMCAAAAAA,2450669,2450682,6403,1000,1,ese,Y,N,N,N,N,N,N,N,"There general races cut impossible results; open<comma> po",Unknown,N
45,AAAAAAAANCAAAAAA,2450890,2450892,5119,1000,1,anti,Y,N,N,N,N,N,N,N,"Heels could lay onwards films. Good<comma> social comp",Unknown,N
46,AAAAAAAAOCAAAAAA,2450484,2450520,10198,1000,1,cally,Y,N,N,N,N,N,N,N,Relationships might consider severe stan,Unknown,N
47,AAAAAAAAPCAAAAAA,2450653,2450661,15403,1000,1,ation,Y,N,N,N,N,N,N,N,Students may promote in order likely plans. T,Unknown,N
48,AAAAAAAAADAAAAAA,2450460,2450486,12478,1000,1,eing,N,N,N,N,N,N,N,N,Sides should influence apparently for the refugees. T,Unknown,N
49,AAAAAAAABDAAAAAA,2450635,2450644,7310,1000,1,n st,N,N,N,N,N,N,N,N,"British<comma> true schemes find still",Unknown,N
50,AAAAAAAACDAAAAAA,2450404,2450419,805,1000,1,bar,N,N,N,N,N,N,N,N,All various recommendations buy,Unknown,N
51,AAAAAAAADDAAAAAA,2450618,2450631,10747,1000,1,ought,N,N,N,N,N,N,N,N,At all other difficulties will not invest,Unknown,N
52,AAAAAAAAEDAAAAAA,2450754,2450772,6715,1000,1,able,Y,N,N,N,N,N,N,N,Ago available concentrat,Unknown,N
53,AAAAAAAAFDAAAAAA,2450708,2450735,7897,1000,1,pri,N,N,N,N,N,N,N,N,"Severe improvements think dramatic<comma> previous implications. S",Unknown,N
54,AAAAAAAAGDAAAAAA,2450173,2450210,17764,1000,1,ese,N,N,N,N,N,N,N,N,Authorities shall get more otherwise respon,Unknown,N
55,AAAAAAAAHDAAAAAA,2450125,2450183,17750,1000,1,anti,Y,N,N,N,N,N,N,N,"Other workers arrest nuclear<comma> similar argum",Unknown,N
56,AAAAAAAAIDAAAAAA,2450444,2450492,5572,1000,1,cally,Y,N,N,N,N,N,N,N,Able hours might not know also,Unknown,N
57,AAAAAAAAJDAAAAAA,2450581,2450601,7951,1000,1,ation,Y,N,N,N,N,N,N,N,Good poets could not eat most for a s,Unknown,N
58,AAAAAAAAKDAAAAAA,2450329,2450365,7022,1000,1,eing,N,N,N,N,N,N,N,N,"Enough specific feet could not charge well absolute<comma> respons",Unknown,N
59,AAAAAAAALDAAAAAA,2450866,2450910,9172,1000,1,n st,N,N,N,N,N,N,N,N,Alarmingly royal books shall go indeed for the problems. Am,Unknown,N
60,AAAAAAAAMDAAAAAA,2450808,2450854,15814,1000,1,bar,Y,N,N,N,N,N,N,N,"Disastrous<comma> glorious boxes fall indeed absolute thin",Unknown,N
61,AAAAAAAANDAAAAAA,2450637,2450660,16255,1000,1,ought,N,N,N,N,N,N,N,N,Different processes coul,Unknown,N
62,AAAAAAAAODAAAAAA,2450741,2450756,9175,1000,1,able,N,N,N,N,N,N,N,N,"Clothes can accept then police. Rich<comma> large",Unknown,N
63,AAAAAAAAPDAAAAAA,2450559,2450600,11743,1000,1,pri,N,N,N,N,N,N,N,N,Here marine publishers think presu,Unknown,N
64,AAAAAAAAAEAAAAAA,2450303,2450340,14365,1000,1,ese,Y,N,N,N,N,N,N,N,Applications must stop. Corre,Unknown,N
65,AAAAAAAABEAAAAAA,2450503,2450522,937,1000,1,anti,Y,N,N,N,N,N,N,N,Probably industrial standards marry so words. Settlem,Unknown,N
66,AAAAAAAACEAAAAAA,2450173,2450213,4210,1000,1,cally,Y,N,N,N,N,N,N,N,Materials could not consider so still germ,Unknown,N
67,AAAAAAAADEAAAAAA,2450838,2450877,5632,1000,1,ation,Y,N,N,N,N,N,N,N,Broadly sensitive rewards,Unknown,N
68,AAAAAAAAEEAAAAAA,2450108,2450138,4306,1000,1,eing,N,N,N,N,N,N,N,N,"Deeper large forces employ maybe competitive<comma> acut",Unknown,N
69,AAAAAAAAFEAAAAAA,2450669,2450709,11342,1000,1,n st,N,N,N,N,N,N,N,N,"General<comma> private cases would repair never t",Unknown,N
70,AAAAAAAAGEAAAAAA,2450256,2450259,14971,1000,1,bar,N,N,N,N,N,N,N,N,Companies ought to scrape critical fi,Unknown,N
71,AAAAAAAAHEAAAAAA,2450830,2450848,7900,1000,1,ought,N,N,N,N,N,N,N,N,Particular objects should cle,Unknown,N
72,AAAAAAAAIEAAAAAA,2450435,2450445,17311,1000,1,able,N,N,N,N,N,N,N,N,Today large factors lead. Indeed increased documents produce,Unknown,N
73,AAAAAAAAJEAAAAAA,2450115,2450156,5876,1000,1,pri,Y,N,N,N,N,N,N,N,"Real things learn spiritual<comma> common days. Today major",Unknown,N
74,AAAAAAAAKEAAAAAA,2450179,2450217,17758,1000,1,ese,Y,N,N,N,N,N,N,N,Employees provide; various roles must s,Unknown,N
75,AAAAAAAALEAAAAAA,2450678,2450721,6259,1000,1,anti,Y,N,N,N,N,N,N,N,Classes carve hard royal users. Mere tru,Unknown,N
76,AAAAAAAAMEAAAAAA,2450883,2450887,10106,1000,1,cally,Y,N,N,N,N,N,N,N,"Huge years can redeem strong children. Complete<comma> h",Unknown,N
77,AAAAAAAANEAAAAAA,2450674,2450701,12226,1000,1,ation,Y,N,N,N,N,N,N,N,"Good<comma> new publications could sit together",Unknown,N
78,AAAAAAAAOEAAAAAA,2450551,2450555,11486,1000,1,eing,Y,N,N,N,N,N,N,N,Both low roads used to raise however aga,Unknown,N
79,AAAAAAAAPEAAAAAA,2450315,2450375,16156,1000,1,n st,N,N,N,N,N,N,N,N,Miles will break very. Great moments seal on a gaps.,Unknown,N
80,AAAAAAAAAFAAAAAA,2450224,2450244,7630,1000,1,bar,Y,N,N,N,N,N,N,N,"Golden<comma> live models shall no",Unknown,N
81,AAAAAAAABFAAAAAA,2450456,2450503,1249,1000,1,ought,Y,N,N,N,N,N,N,N,"Available<comma> coming areas may",Unknown,N
82,AAAAAAAACFAAAAAA,2450600,2450643,15512,1000,1,able,Y,N,N,N,N,N,N,N,"So illegal goods create then. Silly<comma> sudden weeks may",Unknown,N
83,AAAAAAAADFAAAAAA,2450381,2450417,9490,1000,1,pri,N,N,N,N,N,N,N,N,Clearly angry citizens pay. Perhaps equal rep,Unknown,N
84,AAAAAAAAEFAAAAAA,2450710,2450739,16570,1000,1,ese,Y,N,N,N,N,N,N,N,Resources appear affecti,Unknown,N
85,AAAAAAAAFFAAAAAA,2450513,2450532,15112,1000,1,anti,N,N,N,N,N,N,N,N,"Inadequate<comma> economic",Unknown,N
86,AAAAAAAAGFAAAAAA,2450188,2450217,8854,1000,1,cally,N,N,N,N,N,N,N,N,"Serious<comma> full jews tell as dynamic<comma> eng",Unknown,N
87,AAAAAAAAHFAAAAAA,2450817,2450865,11740,1000,1,ation,N,N,N,N,N,N,N,N,"Satisfactory<comma> apparent cells back other cal",Unknown,N
88,AAAAAAAAIFAAAAAA,2450606,2450607,14792,1000,1,eing,N,N,N,N,N,N,N,N,Plain main differences,Unknown,N
89,AAAAAAAAJFAAAAAA,2450218,2450276,8545,1000,1,n st,N,N,N,N,N,N,N,N,Carefully old feelings must go hi,Unknown,N
90,AAAAAAAAKFAAAAAA,2450454,2450510,10982,1000,1,bar,Y,N,N,N,N,N,N,N,"No doubt poor roads shoot in the authors. Thick<comma>",Unknown,N
91,AAAAAAAALFAAAAAA,2450836,2450887,13790,1000,1,ought,N,N,N,N,N,N,N,N,About specific fields enj,Unknown,N
92,AAAAAAAAMFAAAAAA,2450152,2450210,11408,1000,1,able,N,N,N,N,N,N,N,N,Levels must think all. At all other yea,Unknown,N
93,AAAAAAAANFAAAAAA,2450255,2450266,2594,1000,1,pri,Y,N,N,N,N,N,N,N,Groups could make mad failures. Educational situations sha,Unknown,N
94,AAAAAAAAOFAAAAAA,2450676,2450707,6494,1000,1,ese,Y,N,N,N,N,N,N,N,Double days should not ride simply addre,Unknown,N
95,AAAAAAAAPFAAAAAA,2450372,2450394,8842,1000,1,anti,N,N,N,N,N,N,N,N,New reasons cannot rise too,Unknown,N
96,AAAAAAAAAGAAAAAA,2450744,2450785,9865,1000,1,cally,N,N,N,N,N,N,N,N,At least personal plates may not,Unknown,N
97,AAAAAAAABGAAAAAA,2450268,2450278,,1000,,,Y,,,,,,N,,Alone processes see more than bizarre years. O,,
98,AAAAAAAACGAAAAAA,2450355,2450385,5534,1000,1,eing,N,N,N,N,N,N,N,N,Gradual limits raise positive polls;,Unknown,N
99,AAAAAAAADGAAAAAA,2450445,2450455,7450,1000,1,n st,N,N,N,N,N,N,N,N,Goods may maintain especially high mo,Unknown,N
100,AAAAAAAAEGAAAAAA,2450110,2450112,3566,1000,1,bar,Y,N,N,N,N,N,N,N,Readers help spatial lights. Still likely decisions might,Unknown,N
101,AAAAAAAAFGAAAAAA,2450606,2450628,16645,1000,1,ought,N,N,N,N,N,N,N,N,Accessible leaders hear for a angles. Now yello,Unknown,N
102,AAAAAAAAGGAAAAAA,2450387,2450423,8354,1000,1,able,Y,N,N,N,N,N,N,N,Still women assume. Mothers expect ver,Unknown,N
103,AAAAAAAAHGAAAAAA,2450198,2450254,2923,1000,1,pri,N,N,N,N,N,N,N,N,Poor details could recover more.,Unknown,N
104,AAAAAAAAIGAAAAAA,2450204,2450257,5653,1000,1,ese,N,N,N,N,N,N,N,N,Very back pieces would not agree beyon,Unknown,N
105,AAAAAAAAJGAAAAAA,2450785,2450825,5665,1000,1,anti,N,N,N,N,N,N,N,N,"Economic<comma> central rou",Unknown,N
106,AAAAAAAAKGAAAAAA,2450097,2450154,15946,1000,1,cally,Y,N,N,N,N,N,N,N,Centres sell perhaps other cells.,Unknown,N
107,AAAAAAAALGAAAAAA,2450371,2450413,17720,1000,1,ation,Y,N,N,N,N,N,N,N,Matters should take either early alternatives. Scholars w,Unknown,N
108,AAAAAAAAMGAAAAAA,2450480,2450532,13873,1000,1,eing,N,N,N,N,N,N,N,N,"Other<comma> simple years benefit again structural teeth. Mainl",Unknown,N
109,AAAAAAAANGAAAAAA,2450192,2450204,14302,1000,1,n st,Y,N,N,N,N,N,N,N,"Selective<comma> major parties win. Ma",Unknown,N
110,AAAAAAAAOGAAAAAA,2450588,2450625,11696,1000,1,bar,N,N,N,N,N,N,N,N,Modern parties take fro,Unknown,N
111,AAAAAAAAPGAAAAAA,2450483,2450542,9530,1000,1,ought,Y,N,N,N,N,N,N,N,More academic eyes used to imagine more to a beds. Clea,Unknown,N
112,AAAAAAAAAHAAAAAA,2450837,2450853,4834,1000,1,able,N,N,N,N,N,N,N,N,Regular demands build more. Laborator,Unknown,N
113,AAAAAAAABHAAAAAA,2450645,2450684,12829,1000,1,pri,Y,N,N,N,N,N,N,N,"Years cannot allow greatly intensive<comma>",Unknown,N
114,AAAAAAAACHAAAAAA,2450227,2450250,992,1000,1,ese,N,N,N,N,N,N,N,N,Figures try. Only different piece,Unknown,N
115,AAAAAAAADHAAAAAA,2450768,2450772,16268,1000,1,anti,N,N,N,N,N,N,N,N,Mild clothes used to proceed ab,Unknown,N
116,AAAAAAAAEHAAAAAA,2450685,2450696,2936,1000,1,cally,N,N,N,N,N,N,N,N,Major telecommunications ought to jo,Unknown,N
117,AAAAAAAAFHAAAAAA,2450508,2450514,13021,1000,1,ation,N,N,N,N,N,N,N,N,"American techniques must come high<comma>",Unknown,N
118,AAAAAAAAGHAAAAAA,2450484,2450485,922,1000,1,eing,N,N,N,N,N,N,N,N,"Theoretical<comma> additional pries",Unknown,N
119,AAAAAAAAHHAAAAAA,2450370,2450395,7448,1000,1,n st,N,N,N,N,N,N,N,N,Enough current chiefs must force more. National youngsters v,Unknown,N
120,AAAAAAAAIHAAAAAA,2450769,2450793,3868,1000,1,bar,N,N,N,N,N,N,N,N,Actually large responsibilities must walk in,Unknown,N
121,AAAAAAAAJHAAAAAA,2450446,2450492,5666,1000,1,ought,Y,N,N,N,N,N,N,N,"Other<comma> long characteristics mu",Unknown,N
122,AAAAAAAAKHAAAAAA,2450900,2450934,10492,1000,1,able,Y,N,N,N,N,N,N,N,Today occupational shoulders give painfully there sm,Unknown,N
123,AAAAAAAALHAAAAAA,2450532,2450583,17024,1000,1,pri,N,N,N,N,N,N,N,N,"Western<comma> agricultural parent",Unknown,N
124,AAAAAAAAMHAAAAAA,2450672,2450699,10022,1000,1,ese,Y,N,N,N,N,N,N,N,Ordinary materials might carry then tonigh,Unknown,N
125,AAAAAAAANHAAAAAA,2450630,2450665,3944,1000,1,anti,Y,N,N,N,N,N,N,N,"Foreign<comma> wonderful women talk. Fine problems feel soo",Unknown,N
126,AAAAAAAAOHAAAAAA,2450276,2450277,14696,1000,1,cally,N,N,N,N,N,N,N,N,Guilty workers want just about complicated hands. Injurie,Unknown,N
127,AAAAAAAAPHAAAAAA,2450686,2450701,7592,1000,1,ation,Y,N,N,N,N,N,N,N,"Thoughtfully english functions could not enter male<comma>",Unknown,N
128,AAAAAAAAAIAAAAAA,2450106,2450137,5506,1000,1,eing,N,N,N,N,N,N,N,N,Increasing divisions will injure perhaps in a years,Unknown,N
129,AAAAAAAABIAAAAAA,2450595,2450613,5164,1000,1,n st,N,N,N,N,N,N,N,N,Quite international movies lo,Unknown,N
130,AAAAAAAACIAAAAAA,2450386,2450421,17234,1000,1,bar,Y,N,N,N,N,N,N,N,Poor officers take yet polish aspects. Condi,Unknown,N
131,AAAAAAAADIAAAAAA,2450746,2450753,4150,1000,1,ought,N,N,N,N,N,N,N,N,Purposes can become ac,Unknown,N
132,AAAAAAAAEIAAAAAA,2450451,2450508,14515,1000,1,able,N,N,N,N,N,N,N,N,"British<comma> environmental ambitions used to stop",Unknown,N
133,AAAAAAAAFIAAAAAA,2450750,2450769,4600,1000,1,pri,Y,N,N,N,N,N,N,N,"Wives shall help available<comma> significant pressures",Unknown,N
134,AAAAAAAAGIAAAAAA,2450163,2450180,7447,1000,1,ese,N,N,N,N,N,N,N,N,Friends can come much behind a walls; woods say considerat,Unknown,N
135,AAAAAAAAHIAAAAAA,2450365,2450417,98,1000,1,anti,Y,N,N,N,N,N,N,N,"New<comma> little officers m",Unknown,N
136,AAAAAAAAIIAAAAAA,2450390,2450398,9632,1000,1,cally,Y,N,N,N,N,N,N,N,Possible concerns might not provide here departments. Earn,Unknown,N
137,AAAAAAAAJIAAAAAA,2450419,2450459,17884,1000,1,ation,N,N,N,N,N,N,N,N,"Independent<comma> annual industries understand ago. Subjects",Unknown,N
138,AAAAAAAAKIAAAAAA,,2450326,,,,,Y,N,,N,N,N,,N,"Much dark actions see very small<comma> remarkable hee",,N
139,AAAAAAAALIAAAAAA,2450771,2450799,7237,1000,1,n st,Y,N,N,N,N,N,N,N,Also quiet visitors could discover evidently indi,Unknown,N
140,AAAAAAAAMIAAAAAA,2450188,2450202,7130,1000,1,bar,Y,N,N,N,N,N,N,N,"Indeed entire women must introduce equal<comma> for",Unknown,N
141,AAAAAAAANIAAAAAA,2450230,2450234,7591,1000,1,ought,Y,N,N,N,N,N,N,N,Funny books see more lives. L,Unknown,N
142,AAAAAAAAOIAAAAAA,2450393,2450439,15169,1000,1,able,Y,N,N,N,N,N,N,N,"Ordinary<comma> actual children will look dry t",Unknown,N
143,AAAAAAAAPIAAAAAA,2450268,2450307,15553,1000,1,pri,Y,N,N,N,N,N,N,N,"Correct<comma> high abilities could say here s",Unknown,N
144,AAAAAAAAAJAAAAAA,2450492,2450511,8786,1000,1,ese,Y,N,N,N,N,N,N,N,"Other<comma> coming wings might prove today powers. H",Unknown,N
145,AAAAAAAABJAAAAAA,2450566,2450577,14906,1000,1,anti,N,N,N,N,N,N,N,N,Overall muscles win cl,Unknown,N
146,AAAAAAAACJAAAAAA,,,,1000,,cally,N,,,N,,N,,,"Likely<comma> economic details realize in a terms. Top cars sho",,N
147,AAAAAAAADJAAAAAA,2450667,2450711,8932,1000,1,ation,N,N,N,N,N,N,N,N,Much american applications allow so build,Unknown,N
148,AAAAAAAAEJAAAAAA,2450693,2450699,2659,1000,1,eing,N,N,N,N,N,N,N,N,"Alive<comma> special environments",Unknown,N
149,AAAAAAAAFJAAAAAA,2450249,2450309,3202,1000,1,n st,Y,N,N,N,N,N,N,N,"Other<comma> european services engage never abl",Unknown,N
150,AAAAAAAAGJAAAAAA,2450412,2450425,14521,1000,1,bar,Y,N,N,N,N,N,N,N,"Regulations would lose. New<comma> professional casualties lead s",Unknown,N
151,AAAAAAAAHJAAAAAA,2450714,2450744,16126,1000,1,ought,N,N,N,N,N,N,N,N,Services think by now,Unknown,N
152,AAAAAAAAIJAAAAAA,2450308,2450360,16801,1000,1,able,N,N,N,N,N,N,N,N,Yet political governments sa,Unknown,N
153,AAAAAAAAJJAAAAAA,2450874,2450891,4882,1000,1,pri,N,N,N,N,N,N,N,N,"Military<comma> uncomfortable writings feel in a feet. Chang",Unknown,N
154,AAAAAAAAKJAAAAAA,2450814,2450834,4231,1000,1,ese,N,N,N,N,N,N,N,N,Equivalent clothes try ago,Unknown,N
155,AAAAAAAALJAAAAAA,2450193,2450223,602,1000,1,anti,N,N,N,N,N,N,N,N,Significant models might walk parents. Both fresh,Unknown,N
156,AAAAAAAAMJAAAAAA,2450707,2450734,7447,1000,1,cally,N,N,N,N,N,N,N,N,Also general things learn perhaps well,Unknown,N
157,AAAAAAAANJAAAAAA,2450641,2450672,148,1000,1,ation,N,N,N,N,N,N,N,N,"Elaborate<comma> direct lines will",Unknown,N
158,AAAAAAAAOJAAAAAA,2450632,2450659,3796,1000,1,eing,Y,N,N,N,N,N,N,N,Much level lips remember further cha,Unknown,N
159,AAAAAAAAPJAAAAAA,2450859,2450915,10321,1000,1,n st,N,N,N,N,N,N,N,N,Finally other rooms forestall to,Unknown,N
160,AAAAAAAAAKAAAAAA,2450286,2450300,9080,1000,1,bar,N,N,N,N,N,N,N,N,Main persons will slid,Unknown,N
161,AAAAAAAABKAAAAAA,2450168,2450205,13498,1000,1,ought,N,N,N,N,N,N,N,N,Appropriate performances must refuse rocks. Poss,Unknown,N
162,AAAAAAAACKAAAAAA,2450855,2450874,5557,1000,1,able,N,N,N,N,N,N,N,N,Almost main transactio,Unknown,N
163,AAAAAAAADKAAAAAA,2450736,2450790,15160,1000,1,pri,N,N,N,N,N,N,N,N,"Reasonable<comma> impossible op",Unknown,N
164,AAAAAAAAEKAAAAAA,2450820,2450829,3884,1000,1,ese,N,N,N,N,N,N,N,N,In order bad churches die in general electrical sales. Det,Unknown,N
165,AAAAAAAAFKAAAAAA,2450336,2450345,5971,1000,1,anti,N,N,N,N,N,N,N,N,"Insufficient<comma> concerned engines will p",Unknown,N
166,AAAAAAAAGKAAAAAA,2450788,2450831,10423,1000,1,cally,Y,N,N,N,N,N,N,N,Major firms ought to develop still. I,Unknown,N
167,AAAAAAAAHKAAAAAA,2450282,2450306,11044,1000,1,ation,N,N,N,N,N,N,N,N,"Different<comma> new girls cannot appear. Afterwards true states",Unknown,N
168,AAAAAAAAIKAAAAAA,2450306,2450321,292,1000,1,eing,N,N,N,N,N,N,N,N,More little difficulties may limit. Keen soldiers,Unknown,N
169,AAAAAAAAJKAAAAAA,2450678,2450720,5788,1000,1,n st,N,N,N,N,N,N,N,N,Words enjoy for the recordings,Unknown,N
170,AAAAAAAAKKAAAAAA,2450655,2450677,6698,1000,1,bar,N,N,N,N,N,N,N,N,"Concrete policies see often european<comma> only books.",Unknown,N
171,AAAAAAAALKAAAAAA,2450361,2450380,2047,1000,1,ought,N,N,N,N,N,N,N,N,"Machines pursue legally reasons. Necessary<comma> black managers",Unknown,N
172,AAAAAAAAMKAAAAAA,2450914,2450948,14932,1000,1,able,N,N,N,N,N,N,N,N,Grey circumstances organise; neithe,Unknown,N
173,AAAAAAAANKAAAAAA,2450411,2450445,4207,1000,1,pri,Y,N,N,N,N,N,N,N,"Certain<comma> civil women must set then howe",Unknown,N
174,AAAAAAAAOKAAAAAA,2450593,2450652,1444,1000,1,ese,Y,N,N,N,N,N,N,N,"Strong<comma> successful roots cannot focus then w",Unknown,N
175,AAAAAAAAPKAAAAAA,2450751,2450805,14233,1000,1,anti,N,N,N,N,N,N,N,N,Towns may not go by,Unknown,N
176,AAAAAAAAALAAAAAA,2450853,2450890,10294,1000,1,cally,N,N,N,N,N,N,N,N,"Operations may prevent hotly normal<comma> different ac",Unknown,N
177,AAAAAAAABLAAAAAA,2450146,2450184,4430,1000,1,ation,N,N,N,N,N,N,N,N,Maximum appointments might de,Unknown,N
178,AAAAAAAACLAAAAAA,2450478,2450486,10736,1000,1,eing,Y,N,N,N,N,N,N,N,"Modest<comma> international futures might no",Unknown,N
179,AAAAAAAADLAAAAAA,2450103,2450163,16474,1000,1,n st,Y,N,N,N,N,N,N,N,Happy ministers feel results. Temporarily li,Unknown,N
180,AAAAAAAAELAAAAAA,2450278,2450295,2564,1000,1,bar,Y,N,N,N,N,N,N,N,Above easy areas find more whi,Unknown,N
181,AAAAAAAAFLAAAAAA,2450494,2450548,16513,1000,1,ought,N,N,N,N,N,N,N,N,Arrangements find musical magistrates. All impli,Unknown,N
182,AAAAAAAAGLAAAAAA,2450303,2450361,9769,1000,1,able,N,N,N,N,N,N,N,N,Other figures might not discourage ver,Unknown,N
183,AAAAAAAAHLAAAAAA,2450174,2450216,17170,1000,1,pri,N,N,N,N,N,N,N,N,"Old<comma> surprised parts used",Unknown,N
184,AAAAAAAAILAAAAAA,2450125,2450131,6266,1000,1,ese,N,N,N,N,N,N,N,N,Teachers shall not exclude early fears; surely external,Unknown,N
185,AAAAAAAAJLAAAAAA,2450458,2450512,1010,1000,1,anti,N,N,N,N,N,N,N,N,Quite foreign objectives dwell most mo,Unknown,N
186,AAAAAAAAKLAAAAAA,2450886,2450934,910,1000,1,cally,N,N,N,N,N,N,N,N,"High<comma> very parents can feel quite national examinations. T",Unknown,N
187,AAAAAAAALLAAAAAA,2450186,2450238,4210,1000,1,ation,Y,N,N,N,N,N,N,N,"Common<comma> jewish injuries cannot fin",Unknown,N
188,AAAAAAAAMLAAAAAA,2450685,2450726,16432,1000,1,eing,N,N,N,N,N,N,N,N,Later good suggestions participate,Unknown,N
189,AAAAAAAANLAAAAAA,2450603,2450611,10214,1000,1,n st,Y,N,N,N,N,N,N,N,Short players must reach differe,Unknown,N
190,AAAAAAAAOLAAAAAA,2450242,2450247,1018,1000,1,bar,Y,N,N,N,N,N,N,N,Contents plant from a objections. Formidable thin,Unknown,N
191,AAAAAAAAPLAAAAAA,2450887,2450935,4660,1000,1,ought,Y,N,N,N,N,N,N,N,Else naked patients shall c,Unknown,N
192,AAAAAAAAAMAAAAAA,2450709,2450731,14677,1000,1,able,Y,N,N,N,N,N,N,N,New groups increase plans. W,Unknown,N
193,AAAAAAAABMAAAAAA,2450261,2450313,8545,1000,1,pri,N,N,N,N,N,N,N,N,"Autonomous<comma> usual clouds wo",Unknown,N
194,AAAAAAAACMAAAAAA,2450471,2450507,13576,1000,1,ese,N,N,N,N,N,N,N,N,Traditionally medical elements report also flat poli,Unknown,N
195,AAAAAAAADMAAAAAA,2450173,2450220,4064,1000,1,anti,N,N,N,N,N,N,N,N,Lightly british points may read immediately rules. Anxious,Unknown,N
196,AAAAAAAAEMAAAAAA,2450407,2450438,5305,1000,1,cally,Y,N,N,N,N,N,N,N,"Distinctive others like there fixed<comma> i",Unknown,N
197,AAAAAAAAFMAAAAAA,2450565,2450624,17530,1000,1,ation,N,N,N,N,N,N,N,N,"Natural<comma> hard eyes may not promote",Unknown,N
198,AAAAAAAAGMAAAAAA,2450905,2450908,11992,1000,1,eing,Y,N,N,N,N,N,N,N,"Important historians pay old<comma>",Unknown,N
199,AAAAAAAAHMAAAAAA,2450577,2450632,10645,1000,1,n st,Y,N,N,N,N,N,N,N,"Old<comma> natural events may relax; distri",Unknown,N
200,AAAAAAAAIMAAAAAA,,2450656,,,1,,N,N,,,N,N,N,N,"Foreign<comma> open groups hold small<comma> early scientists. Case",,
201,AAAAAAAAJMAAAAAA,2450628,2450648,6068,1000,1,ought,Y,N,N,N,N,N,N,N,"Central<comma> dark prayers assure too thoughts. Male eff",Unknown,N
202,AAAAAAAAKMAAAAAA,2450733,2450748,2588,1000,1,able,Y,N,N,N,N,N,N,N,Important ends divorce now political homes. Measures run onl,Unknown,N
203,AAAAAAAALMAAAAAA,2450305,2450324,16591,1000,1,pri,N,N,N,N,N,N,N,N,"Flat<comma> hot commitments shall not get very months. Good mo",Unknown,N
204,AAAAAAAAMMAAAAAA,2450202,2450228,17848,1000,1,ese,Y,N,N,N,N,N,N,N,So as german miles will not,Unknown,N
205,AAAAAAAANMAAAAAA,2450807,2450837,12055,1000,1,anti,N,N,N,N,N,N,N,N,"Surprised<comma> international volunteers help all following<comma> viol",Unknown,N
206,AAAAAAAAOMAAAAAA,2450703,2450732,3010,1000,1,cally,N,N,N,N,N,N,N,N,Almost human thanks should prompt more for a numbers.,Unknown,N
207,AAAAAAAAPMAAAAAA,2450439,2450448,10147,1000,1,ation,N,N,N,N,N,N,N,N,Home strange inches might seek women; dish,Unknown,N
208,AAAAAAAAANAAAAAA,2450526,2450578,15205,1000,1,eing,Y,N,N,N,N,N,N,N,Possible improvements form european cigarettes. Id,Unknown,N
209,AAAAAAAABNAAAAAA,2450796,2450817,3319,1000,1,n st,Y,N,N,N,N,N,N,N,Aware consumers discuss for i,Unknown,N
210,AAAAAAAACNAAAAAA,2450731,2450768,5248,1000,1,bar,N,N,N,N,N,N,N,N,"Old<comma> new wages resolve parties; human<comma> local seats explore p",Unknown,N
211,AAAAAAAADNAAAAAA,2450174,2450175,4879,1000,1,ought,N,N,N,N,N,N,N,N,"Low prisoners miss together financial<comma> male results. Earl",Unknown,N
212,AAAAAAAAENAAAAAA,2450227,2450281,13411,1000,1,able,N,N,N,N,N,N,N,N,Special others may resume leve,Unknown,N
213,AAAAAAAAFNAAAAAA,2450387,2450439,12670,1000,1,pri,Y,N,N,N,N,N,N,N,Investments will not sense to a,Unknown,N
214,AAAAAAAAGNAAAAAA,2450194,2450252,13453,1000,1,ese,N,N,N,N,N,N,N,N,Partially positive borders judge then,Unknown,N
215,AAAAAAAAHNAAAAAA,2450317,2450322,10256,1000,1,anti,Y,N,N,N,N,N,N,N,"Cultural<comma> distinguished things say past<comma> m",Unknown,N
216,AAAAAAAAINAAAAAA,2450788,2450838,9139,1000,1,cally,Y,N,N,N,N,N,N,N,Silent times take just around obvious children. Conscious d,Unknown,N
217,AAAAAAAAJNAAAAAA,2450555,2450558,3116,1000,1,ation,Y,N,N,N,N,N,N,N,Especially academic activities land stiff e,Unknown,N
218,AAAAAAAAKNAAAAAA,2450271,2450293,17288,1000,1,eing,N,N,N,N,N,N,N,N,Discussions must not tell else orthodox members. Towns kno,Unknown,N
219,AAAAAAAALNAAAAAA,2450517,2450552,13723,1000,1,n st,Y,N,N,N,N,N,N,N,"Legal<comma> continuing guests raise else between a critics. Co",Unknown,N
220,AAAAAAAAMNAAAAAA,2450097,2450112,3478,1000,1,bar,Y,N,N,N,N,N,N,N,Main days must help just common companies. Also sufficient,Unknown,N
221,AAAAAAAANNAAAAAA,2450545,2450569,17335,1000,1,ought,N,N,N,N,N,N,N,N,"Green<comma> atlantic woods kno",Unknown,N
222,AAAAAAAAONAAAAAA,2450513,2450530,15913,1000,1,able,N,N,N,N,N,N,N,N,"Popular<comma> large elements can record",Unknown,N
223,AAAAAAAAPNAAAAAA,2450235,2450261,12964,1000,1,pri,N,N,N,N,N,N,N,N,"Busy classes will want social<comma> local talk",Unknown,N
224,AAAAAAAAAOAAAAAA,,,4735,,,,N,N,N,N,,N,,N,,,N
225,AAAAAAAABOAAAAAA,2450804,2450832,12880,1000,1,anti,N,N,N,N,N,N,N,N,"Poor<comma> economic cheeks will not p",Unknown,N
226,AAAAAAAACOAAAAAA,2450389,2450448,15142,1000,1,cally,Y,N,N,N,N,N,N,N,Only walls argue before,Unknown,N
227,AAAAAAAADOAAAAAA,2450695,2450698,16576,1000,1,ation,N,N,N,N,N,N,N,N,Hardly available differ,Unknown,N
228,AAAAAAAAEOAAAAAA,2450501,2450535,11713,1000,1,eing,N,N,N,N,N,N,N,N,Familiar charts enable barely. General kinds bother othe,Unknown,N
229,AAAAAAAAFOAAAAAA,2450810,2450813,16048,1000,1,n st,N,N,N,N,N,N,N,N,"Clear<comma> military women eat large<comma> middle-c",Unknown,N
230,AAAAAAAAGOAAAAAA,2450523,2450530,5101,1000,1,bar,Y,N,N,N,N,N,N,N,"International<comma> other relations move di",Unknown,N
231,AAAAAAAAHOAAAAAA,2450661,2450685,4033,1000,1,ought,Y,N,N,N,N,N,N,N,"Ways must not think administrative<comma> old imports;",Unknown,N
232,AAAAAAAAIOAAAAAA,2450297,2450349,3398,1000,1,able,N,N,N,N,N,N,N,N,Also special states find. Times me,Unknown,N
233,AAAAAAAAJOAAAAAA,2450265,2450298,13898,1000,1,pri,Y,N,N,N,N,N,N,N,Charges say neverthele,Unknown,N
234,AAAAAAAAKOAAAAAA,2450349,2450356,2300,1000,1,ese,Y,N,N,N,N,N,N,N,Technical companies will check actions. Ave,Unknown,N
235,AAAAAAAALOAAAAAA,2450411,2450467,2660,1000,1,anti,N,N,N,N,N,N,N,N,There existing leaders must protec,Unknown,N
236,AAAAAAAAMOAAAAAA,2450696,2450752,16666,1000,1,cally,Y,N,N,N,N,N,N,N,"White<comma> other directors could not free years. Rat",Unknown,N
237,AAAAAAAANOAAAAAA,2450163,2450174,13450,1000,1,ation,N,N,N,N,N,N,N,N,"English<comma> light sessio",Unknown,N
238,AAAAAAAAOOAAAAAA,2450110,2450144,15710,1000,1,eing,N,N,N,N,N,N,N,N,"Extensive policies show all patient<comma> sad arr",Unknown,N
239,AAAAAAAAPOAAAAAA,2450323,2450337,6124,1000,1,n st,N,N,N,N,N,N,N,N,Flexible generations recog,Unknown,N
240,AAAAAAAAAPAAAAAA,2450834,2450882,17575,1000,1,bar,N,N,N,N,N,N,N,N,"Entire<comma> future companies shall add. Now runn",Unknown,N
241,AAAAAAAABPAAAAAA,2450858,2450899,15007,1000,1,ought,Y,N,N,N,N,N,N,N,"Net<comma> medium shareholders see b",Unknown,N
242,AAAAAAAACPAAAAAA,2450278,2450280,11359,1000,1,able,Y,N,N,N,N,N,N,N,Really european imports find well i,Unknown,N
243,AAAAAAAADPAAAAAA,2450436,2450463,11824,1000,1,pri,Y,N,N,N,N,N,N,N,"Dead acts must buy identical<comma> special thoughts. F",Unknown,N
244,AAAAAAAAEPAAAAAA,2450897,2450946,17488,1000,1,ese,Y,N,N,N,N,N,N,N,Home christian years harm also points; overall,Unknown,N
245,AAAAAAAAFPAAAAAA,2450477,2450528,3145,1000,1,anti,N,N,N,N,N,N,N,N,Newspapers would not take. C,Unknown,N
246,AAAAAAAAGPAAAAAA,2450744,2450783,8944,1000,1,cally,N,N,N,N,N,N,N,N,Attitudes study never afterwards monthly reforms; contr,Unknown,N
247,AAAAAAAAHPAAAAAA,2450150,2450209,2818,1000,1,ation,Y,N,N,N,N,N,N,N,Men will talk almost enorm,Unknown,N
248,AAAAAAAAIPAAAAAA,2450509,2450559,1573,1000,1,eing,N,N,N,N,N,N,N,N,"Large<comma> widespread benefits identify as ready matters.",Unknown,N
249,AAAAAAAAJPAAAAAA,2450251,2450275,4010,1000,1,n st,N,N,N,N,N,N,N,N,"Recently able weaknesses can start societies. Able<comma>",Unknown,N
250,AAAAAAAAKPAAAAAA,2450757,2450805,2366,1000,1,bar,Y,N,N,N,N,N,N,N,"Unique<comma> common areas contro",Unknown,N
251,AAAAAAAALPAAAAAA,2450808,2450832,17452,1000,1,ought,Y,N,N,N,N,N,N,N,Again deep issues could lower barely; preparations,Unknown,N
252,AAAAAAAAMPAAAAAA,2450632,2450646,9049,1000,1,able,N,N,N,N,N,N,N,N,"Chapters add wide<comma> old plants. Clear museums build other<comma>",Unknown,N
253,AAAAAAAANPAAAAAA,,2450889,9292,1000,1,pri,N,N,N,,,,,N,"Lacking<comma> brief references go merely proper unions. Y",,N
254,AAAAAAAAOPAAAAAA,2450883,2450935,3106,1000,1,ese,Y,N,N,N,N,N,N,N,"Social<comma> light vegetables feel ann",Unknown,N
255,AAAAAAAAPPAAAAAA,2450654,2450667,9320,1000,1,anti,N,N,N,N,N,N,N,N,Further unemployed muscles will i,Unknown,N
256,AAAAAAAAAABAAAAA,2450488,2450530,17107,1000,1,cally,Y,N,N,N,N,N,N,N,"Local comments must require more. Civil<comma> old conditions sui",Unknown,N
257,AAAAAAAABABAAAAA,2450209,2450213,12524,1000,1,ation,Y,N,N,N,N,N,N,N,Beans should not look on,Unknown,N
258,AAAAAAAACABAAAAA,2450869,2450925,4195,1000,1,eing,Y,N,N,N,N,N,N,N,Also increased moves may get men; compulsor,Unknown,N
259,AAAAAAAADABAAAAA,2450823,2450862,17434,1000,1,n st,N,N,N,N,N,N,N,N,Yet northern offences hap,Unknown,N
260,AAAAAAAAEABAAAAA,2450266,2450274,16874,1000,1,bar,N,N,N,N,N,N,N,N,"Clear<comma> relevant bands shall defraud more just",Unknown,N
261,AAAAAAAAFABAAAAA,2450268,2450271,14032,1000,1,ought,Y,N,N,N,N,N,N,N,Slightly available forms ought to dr,Unknown,N
262,AAAAAAAAGABAAAAA,2450394,2450397,11005,1000,1,able,N,N,N,N,N,N,N,N,Extremely relevant husbands could not explain better even f,Unknown,N
263,AAAAAAAAHABAAAAA,2450494,2450527,8156,1000,1,pri,Y,N,N,N,N,N,N,N,Trials count apparently special police. Names may see ther,Unknown,N
264,AAAAAAAAIABAAAAA,2450106,2450161,3571,1000,1,ese,Y,N,N,N,N,N,N,N,"Other premises know old<comma> other worlds; anxious<comma> new p",Unknown,N
265,AAAAAAAAJABAAAAA,2450456,2450494,15082,1000,1,anti,Y,N,N,N,N,N,N,N,Ever different companies,Unknown,N
266,AAAAAAAAKABAAAAA,2450572,2450605,13063,1000,1,cally,N,N,N,N,N,N,N,N,Alternative glasses weaken as programmes,Unknown,N
267,AAAAAAAALABAAAAA,2450425,2450443,17311,1000,1,ation,Y,N,N,N,N,N,N,N,Now able boots offer largely video-taped sc,Unknown,N
268,AAAAAAAAMABAAAAA,2450259,2450280,4378,1000,1,eing,Y,N,N,N,N,N,N,N,Male walls may take there planned tons. New,Unknown,N
269,AAAAAAAANABAAAAA,2450877,2450899,2486,1000,1,n st,N,N,N,N,N,N,N,N,"Substantial<comma> social responsibilities shall n",Unknown,N
270,AAAAAAAAOABAAAAA,2450837,2450866,17512,1000,1,bar,N,N,N,N,N,N,N,N,"Legislative<comma> cultural errors see; sin",Unknown,N
271,AAAAAAAAPABAAAAA,2450128,2450151,10459,1000,1,ought,N,N,N,N,N,N,N,N,"Likely<comma> uncertain areas take other diffi",Unknown,N
272,AAAAAAAAABBAAAAA,2450694,2450727,17104,1000,1,able,Y,N,N,N,N,N,N,N,Tories should provide however avail,Unknown,N
273,AAAAAAAABBBAAAAA,2450177,2450188,15331,1000,1,pri,N,N,N,N,N,N,N,N,Normally poor flowers must not answer tomorrow. Bei,Unknown,N
274,AAAAAAAACBBAAAAA,2450707,2450708,16480,1000,1,ese,Y,N,N,N,N,N,N,N,Pink letters ensure to a prospects. Available purposes,Unknown,N
275,AAAAAAAADBBAAAAA,2450539,2450576,4897,1000,1,anti,Y,N,N,N,N,N,N,N,"Good<comma> right families would build rather. Above mis",Unknown,N
276,AAAAAAAAEBBAAAAA,2450311,2450360,13462,1000,1,cally,Y,N,N,N,N,N,N,N,Urban scientists suppose automatically b,Unknown,N
277,AAAAAAAAFBBAAAAA,2450313,2450368,15230,1000,1,ation,Y,N,N,N,N,N,N,N,Players decline as early dogs. Distant days shall no,Unknown,N
278,AAAAAAAAGBBAAAAA,2450270,2450319,9178,1000,1,eing,Y,N,N,N,N,N,N,N,"Good<comma> new problems hold entirely. Years can hold rel",Unknown,N
279,AAAAAAAAHBBAAAAA,2450738,2450772,9472,1000,1,n st,Y,N,N,N,N,N,N,N,"Values pull cases; local<comma> model",Unknown,N
280,AAAAAAAAIBBAAAAA,2450406,2450455,3487,1000,1,bar,N,N,N,N,N,N,N,N,Concerned years tear years. Local colleges take,Unknown,N
281,AAAAAAAAJBBAAAAA,2450681,2450733,1904,1000,1,ought,Y,N,N,N,N,N,N,N,Years flee much. Members relate things; more pretty reader,Unknown,N
282,AAAAAAAAKBBAAAAA,2450259,2450303,8732,1000,1,able,Y,N,N,N,N,N,N,N,In common western alternatives should,Unknown,N
283,AAAAAAAALBBAAAAA,2450148,2450206,6514,1000,1,pri,Y,N,N,N,N,N,N,N,"Mild<comma> possible circles shall grasp also fine t",Unknown,N
284,AAAAAAAAMBBAAAAA,2450488,2450548,10010,1000,1,ese,N,N,N,N,N,N,N,N,"Advisers will keep convincing<comma> prospective l",Unknown,N
285,AAAAAAAANBBAAAAA,2450772,2450777,4568,1000,1,anti,N,N,N,N,N,N,N,N,Days will last also oth,Unknown,N
286,AAAAAAAAOBBAAAAA,2450663,2450675,17270,1000,1,cally,N,N,N,N,N,N,N,N,Again odd actions sh,Unknown,N
287,AAAAAAAAPBBAAAAA,2450241,2450244,7060,1000,1,ation,Y,N,N,N,N,N,N,N,Children make personal,Unknown,N
288,AAAAAAAAACBAAAAA,2450829,2450873,8228,1000,1,eing,Y,N,N,N,N,N,N,N,Legal roads shall sell,Unknown,N
289,AAAAAAAABCBAAAAA,2450410,2450424,394,1000,1,n st,N,N,N,N,N,N,N,N,Video-taped rates feel as well red groups. Patients wi,Unknown,N
290,AAAAAAAACCBAAAAA,2450639,2450691,14258,1000,1,bar,N,N,N,N,N,N,N,N,Applications will reach,Unknown,N
291,AAAAAAAADCBAAAAA,2450405,2450414,13414,1000,1,ought,Y,N,N,N,N,N,N,N,"American terms grow only other<comma> ready feelings; never",Unknown,N
292,AAAAAAAAECBAAAAA,2450368,2450408,16306,1000,1,able,N,N,N,N,N,N,N,N,Members think words. Overall tiny stages ought,Unknown,N
293,AAAAAAAAFCBAAAAA,2450656,2450714,1390,1000,1,pri,N,N,N,N,N,N,N,N,Interested friends must not obtain for a guidelines. A,Unknown,N
294,AAAAAAAAGCBAAAAA,2450802,2450847,268,1000,1,ese,Y,N,N,N,N,N,N,N,"Sufficient<comma> extra matters recei",Unknown,N
295,AAAAAAAAHCBAAAAA,2450208,2450217,14914,1000,1,anti,Y,N,N,N,N,N,N,N,Clear questions can switch di,Unknown,N
296,AAAAAAAAICBAAAAA,2450654,2450670,12538,1000,1,cally,N,N,N,N,N,N,N,N,Unique arrangements affect very. Famili,Unknown,N
297,AAAAAAAAJCBAAAAA,2450609,2450639,11521,1000,1,ation,N,N,N,N,N,N,N,N,British symptoms deal gl,Unknown,N
298,AAAAAAAAKCBAAAAA,2450616,2450625,406,1000,1,eing,Y,N,N,N,N,N,N,N,Again corporate farmers revise less satis,Unknown,N
299,AAAAAAAALCBAAAAA,2450595,2450616,2654,1000,1,n st,Y,N,N,N,N,N,N,N,Properly heavy hours used to collect,Unknown,N
300,AAAAAAAAMCBAAAAA,2450422,2450433,1592,1000,1,bar,N,N,N,N,N,N,N,N,Groups might not give slowly. Young girls shall no,Unknown,N
